Name,Address,location,Revenue,Website Url,Page Number
KEATING/MOORE CONSTRUCTION CO.,"
                                                 10276 Riverside Dr Palm Beach Gardens, FL, 33410-4852 United States
                                            ","Country:
                    

                    Palm Beach Gardens, Florida

                    United States",6.44M,http://www.keatingmoore.com,
Chris Barbara Development Company,"
                                                 4097 Cedar Ave Palm Beach Gardens, FL, 33410-2143 United States
                                            ","Country:
                    

                    Palm Beach Gardens, Florida

                    United States",2.42M,http://www.generalcontractorpalmbeachgardens.com,
"W. Leonard Wall Construction, Inc.","
                                                 1108 Rainwood Cir W Palm Beach Gardens, FL, 33410-5235 United States
                                            ","Country:
                    

                    Palm Beach Gardens, Florida

                    United States",0.25M,,2
Toro Handyman Services Llc,"
                                                 9153 E Highland Pines Dr Palm Beach Gardens, FL, 33418-5749 United States
                                            ","Country:
                    

                    Palm Beach Gardens, Florida

                    United States",0.13M,http://www.torohandyman.com,3
KASICA INTERIOR CONSTRUTION INC,"
                                                 7103 Geminata Oak Ct Palm Beach Gardens, FL, 33410-3246 United States
                                            ","Country:
                    

                    Palm Beach Gardens, Florida

                    United States",0.14M,,3
"Harrell, Lint General Contacting Inc","
                                                 11911 Butternut St Palm Beach Gardens, FL, 33410-2113 United States
                                            ","Country:
                    

                    Palm Beach Gardens, Florida

                    United States",0.14M,,3
BAYSHORE SOUTH FLORIDA  ESTATE HOMES,"
                                                 10258 Riverside Dr Ste 1 Palm Beach Gardens, FL, 33410-4876 United States
                                            ","Country:
                    

                    Palm Beach Gardens, Florida

                    United States",0.25M,,2
LUXURY BUILDERS GROUP LLC,"
                                                 11029 Legacy Blvd APT 204 Palm Beach Gardens, FL, 33410-3619 United States
                                            ","Country:
                    

                    Palm Beach Gardens, Florida

                    United States",0.25M,,2
Leighton Mcginn Company,"
                                                 1983 Pga Blvd Ste 104 Palm Beach Gardens, FL, 33408-3001 United States
                                            ","Country:
                    

                    Palm Beach Gardens, Florida

                    United States",5.7M,http://www.lmcgc.com,
